Nombre,prueba,tipo,Hora de inserci√≥n,Tama√±o Total copiado,Total de ficheros copiados,Ficheros borrados,Pago,Cobr√≥,Comentario
,Domingo 2 de Enero,,,,,,,,
,   4  Dispositivos,,,,,,,,
,   24.5 GB,,,,,,,,
,   330 ficheros,,,,,,,,
,   $196,,,,,,,,
Nombre de Dispositivo,,Tipo,Hora de inserci√≥n,Tama√±o Total copiado,Total de ficheros copiados,Ficheros borrados,Pago,Cobr√≥,Comentario
BRAYAN SANTIAGO (E:),,Disco 1 TB,18:38,17.4 GB,37 ficheros,1 fichero,$0,,"""BRAYAN"""
,Nombre de Fichero,Tama√±o,Hora de copia,Ruta donde se copi√≥,,,,,
,Resident Evil Bienvenidos a Raccoon City  (2021) 1080p.mkv,5.3GB,06:42:01 p.m.,E:\COPIAR\CHINO\Resident Evil Bienvenidos a Raccoon City (2021)\Resident Evil Bienvenidos a Raccoon City  (2021) 1080p.mkv,,,,,
,The Matrix 4 Resurrections [2021] [1080p] [Dual Audio].mkv,3.2GB,06:41:13 p.m.,E:\COPIAR\CHINO\The Matrix 4 Resurrections [2021] [Dual Audio]\The Matrix 4 Resurrections [2021] [1080p] [Dual Audio].mkv,,,,,
,S02E06.mkv,739MB,06:40:16 p.m.,E:\COPIAR\CHINO\The Boys - [Temp 2] [Caps.08] [720p] [Dual Audio]\S02E06.mkv,,,,,
,S02E05.mkv,717MB,06:40:09 p.m.,E:\COPIAR\CHINO\The Boys - [Temp 2] [Caps.08] [720p] [Dual Audio]\S02E05.mkv,,,,,
,S02E01.mkv,713MB,06:39:36 p.m.,E:\COPIAR\CHINO\The Boys - [Temp 2] [Caps.08] [720p] [Dual Audio]\S02E01.mkv,,,,,
,S02E04.mkv,712MB,06:39:58 p.m.,E:\COPIAR\CHINO\The Boys - [Temp 2] [Caps.08] [720p] [Dual Audio]\S02E04.mkv,,,,,
,S02E02.mkv,673MB,06:39:44 p.m.,E:\COPIAR\CHINO\The Boys - [Temp 2] [Caps.08] [720p] [Dual Audio]\S02E02.mkv,,,,,
,S02E03.mkv,663MB,06:39:51 p.m.,E:\COPIAR\CHINO\The Boys - [Temp 2] [Caps.08] [720p] [Dual Audio]\S02E03.mkv,,,,,
,S02E08.mkv,624MB,06:40:31 p.m.,E:\COPIAR\CHINO\The Boys - [Temp 2] [Caps.08] [720p] [Dual Audio]\S02E08.mkv,,,,,
,S02E07.mkv,618MB,06:40:24 p.m.,E:\COPIAR\CHINO\The Boys - [Temp 2] [Caps.08] [720p] [Dual Audio]\S02E07.mkv,,,,,
,S03E01.mkv,521MB,06:43:03 p.m.,E:\COPIAR\CHINO\Final Space\Final Space (Temporada 3) [13 Cap.] [1080p] [Dual Audio] FDT\S03E01.mkv,,,,,
,S03E02.mkv,425MB,06:44:27 p.m.,E:\COPIAR\CHINO\Final Space\Final Space (Temporada 3) [13 Cap.] [1080p] [Dual Audio] FDT\S03E02.mkv,,,,,
,The boys 2019 - 1x05.mkv,405MB,06:40:53 p.m.,E:\COPIAR\CHINO\The Boys Temp. 1\The boys 2019 - 1x05.mkv,,,,,
,The Boys 2019 - 1x01.mkv,363MB,06:40:37 p.m.,E:\COPIAR\CHINO\The Boys Temp. 1\The Boys 2019 - 1x01.mkv,,,,,
,The boys 2019 - 1x08.mkv,358MB,06:41:04 p.m.,E:\COPIAR\CHINO\The Boys Temp. 1\The boys 2019 - 1x08.mkv,,,,,
,The boys 2019 - 1x04.mkv,345MB,06:40:50 p.m.,E:\COPIAR\CHINO\The Boys Temp. 1\The boys 2019 - 1x04.mkv,,,,,
,The boys 2019 - 1x03.mkv,333MB,06:40:46 p.m.,E:\COPIAR\CHINO\The Boys Temp. 1\The boys 2019 - 1x03.mkv,,,,,
,The boys 2019 - 1x06.mkv,316MB,06:40:57 p.m.,E:\COPIAR\CHINO\The Boys Temp. 1\The boys 2019 - 1x06.mkv,,,,,
,The boys 2019 - 1x07.mkv,313MB,06:41:01 p.m.,E:\COPIAR\CHINO\The Boys Temp. 1\The boys 2019 - 1x07.mkv,,,,,
,The boys 2019 - 1x02.mkv,296MB,06:40:43 p.m.,E:\COPIAR\CHINO\The Boys Temp. 1\The boys 2019 - 1x02.mkv,,,,,
,DVD THE BOYS (1RA TEMPORADA).jpg,6MB,06:40:37 p.m.,E:\COPIAR\CHINO\The Boys Temp. 1\DVD THE BOYS (1RA TEMPORADA).jpg,,,,,
,Resident Evil Bienvenidos a Raccoon City  (2021) 1080p.png,576KB,06:43:02 p.m.,E:\COPIAR\CHINO\Resident Evil Bienvenidos a Raccoon City (2021)\Resident Evil Bienvenidos a Raccoon City  (2021) 1080p.png,,,,,
,Subs.eng.srt,192KB,06:41:12 p.m.,"E:\COPIAR\CHINO\The Matrix 4 Resurrections [2021] [Dual Audio]\Subs [243,3 Kb]\Subs.eng.srt",,,,,
,The boys 2019 - 1x06.srt,128KB,06:41:01 p.m.,E:\COPIAR\CHINO\The Boys Temp. 1\The boys 2019 - 1x06.srt,,,,,
,Subs.spa.srt,128KB,06:41:13 p.m.,"E:\COPIAR\CHINO\The Matrix 4 Resurrections [2021] [Dual Audio]\Subs [243,3 Kb]\Subs.spa.srt",,,,,
,Subs.eng.srt,128KB,06:43:02 p.m.,E:\COPIAR\CHINO\Resident Evil Bienvenidos a Raccoon City (2021)\Subs\Subs.eng.srt,,,,,
,The-Boys-Temporada-2-2020-HD-720p-Latino-portada.jpg,64KB,06:40:37 p.m.,E:\COPIAR\CHINO\The Boys - [Temp 2] [Caps.08] [720p] [Dual Audio]\The-Boys-Temporada-2-2020-HD-720p-Latino-portada.jpg,,,,,
,The Boys 2019 - 1x01.srt,64KB,06:40:43 p.m.,E:\COPIAR\CHINO\The Boys Temp. 1\The Boys 2019 - 1x01.srt,,,,,
,The boys 2019 - 1x02.srt,64KB,06:40:46 p.m.,E:\COPIAR\CHINO\The Boys Temp. 1\The boys 2019 - 1x02.srt,,,,,
,The boys 2019 - 1x03.srt,64KB,06:40:50 p.m.,E:\COPIAR\CHINO\The Boys Temp. 1\The boys 2019 - 1x03.srt,,,,,
,The boys 2019 - 1x04.srt,64KB,06:40:53 p.m.,E:\COPIAR\CHINO\The Boys Temp. 1\The boys 2019 - 1x04.srt,,,,,
,The boys 2019 - 1x05.srt,64KB,06:40:57 p.m.,E:\COPIAR\CHINO\The Boys Temp. 1\The boys 2019 - 1x05.srt,,,,,
,The boys 2019 - 1x07.srt,64KB,06:41:04 p.m.,E:\COPIAR\CHINO\The Boys Temp. 1\The boys 2019 - 1x07.srt,,,,,
,The boys 2019 - 1x08.srt,64KB,06:41:12 p.m.,E:\COPIAR\CHINO\The Boys Temp. 1\The boys 2019 - 1x08.srt,,,,,
,Thumbs.db,64KB,06:41:12 p.m.,E:\COPIAR\CHINO\The Boys Temp. 1\Thumbs.db,,,,,
,The Matrix 4 Resurrections [2021] [1080p] [Dual Audio].webp,64KB,06:42:00 p.m.,E:\COPIAR\CHINO\The Matrix 4 Resurrections [2021] [Dual Audio]\The Matrix 4 Resurrections [2021] [1080p] [Dual Audio].webp,,,,,
,Subs.spa.srt,64KB,06:43:02 p.m.,E:\COPIAR\CHINO\Resident Evil Bienvenidos a Raccoon City (2021)\Subs\Subs.spa.srt,,,,,
(N:),,Memoria 32 GB,15:07,5.4 GB,194 ficheros,218 ficheros,$193,,""""""
,Nombre de Fichero,Tama√±o,Hora de copia,Ruta donde se copi√≥,,,,,
,ANA_GABRIEL_30_GRANDES_√âXITOS__ANA_GABRIEL_SUS_MEJORES_EXITOS(144p)_mpeg1video.mpg,777MB,03:34:21 p.m.,N:\videos\ANA_GABRIEL_30_GRANDES_√âXITOS__ANA_GABRIEL_SUS_MEJORES_EXITOS(144p)_mpeg1video.mpg,,,,,
,CHARANGA_HABANERA_Feat._EL_CHACAL-_Gozando_En_LA_Habana(144p)_mpeg1video.mpg,37MB,03:36:02 p.m.,N:\videos\CHARANGA_HABANERA_Feat._EL_CHACAL-_Gozando_En_LA_Habana(144p)_mpeg1video.mpg,,,,,
,Me_voy_a_regalar(144p)_mpeg1video.mpg,36MB,03:39:04 p.m.,N:\videos\Me_voy_a_regalar(144p)_mpeg1video.mpg,,,,,
,Tengo_tanto_miedo_de_perderte___marc_anthony(144p)_mpeg1video.mpg,35MB,03:40:02 p.m.,N:\videos\Tengo_tanto_miedo_de_perderte___marc_anthony(144p)_mpeg1video.mpg,,,,,
,CHACAL_Y_YAKARTA_‚ñ∫_Sonando_Contigo_(OFFICIAL_VIDEO)(144p)_mpeg1video.mpg,34MB,03:35:58 p.m.,N:\videos\CHACAL_Y_YAKARTA_‚ñ∫_Sonando_Contigo_(OFFICIAL_VIDEO)(144p)_mpeg1video.mpg,,,,,
,EL_CHACAL_-_Shang√≥_[OFFICIAL_VIDEO](144p)_mpeg1video.mpg,33MB,03:36:35 p.m.,N:\videos\EL_CHACAL_-_Shang√≥_[OFFICIAL_VIDEO](144p)_mpeg1video.mpg,,,,,
,"La_Diosa,_Jorge_Jr._-__Aprendiz_(Video_Oficial)__Venganza(144p)_mpeg1video.mpg",32MB,03:38:07 p.m.,"N:\videos\La_Diosa,_Jorge_Jr._-__Aprendiz_(Video_Oficial)__Venganza(144p)_mpeg1video.mpg",,,,,
,Marc_Anthony_-_Ya_Lo_S√©_Que_T√∫_Te_Vas_(Cover_Audio_Video)(144p)_mpeg1video.mpg,32MB,03:38:57 p.m.,N:\videos\Marc_Anthony_-_Ya_Lo_S√©_Que_T√∫_Te_Vas_(Cover_Audio_Video)(144p)_mpeg1video.mpg,,,,,
,Los_4_-_Huele_A_Peligro_(Audio_Cover)__√Ålbum_En_Un_Mismo_Pensamiento(144p)_mpeg1video.mpg,32MB,03:38:12 p.m.,N:\videos\Los_4_-_Huele_A_Peligro_(Audio_Cover)__√Ålbum_En_Un_Mismo_Pensamiento(144p)_mpeg1video.mpg,,,,,
,Los_Salvajes_-_De_nuevo_Te_cojo_Yo_(TheBachaton)(144p)_mpeg1video.mpg,32MB,03:38:30 p.m.,N:\videos\Los_Salvajes_-_De_nuevo_Te_cojo_Yo_(TheBachaton)(144p)_mpeg1video.mpg,,,,,
,Marc_Anthony_-_Se_me_sigue_olvidando(144p)_mpeg1video.mpg,32MB,03:38:55 p.m.,N:\videos\Marc_Anthony_-_Se_me_sigue_olvidando(144p)_mpeg1video.mpg,,,,,
,El_Taiger_ft_Jorge_Junior_y_Damian_-_Tu_dolor_de_cabeza_(Audio_Oficial)(144p)_mpeg1video.mpg,32MB,03:37:25 p.m.,N:\videos\El_Taiger_ft_Jorge_Junior_y_Damian_-_Tu_dolor_de_cabeza_(Audio_Oficial)(144p)_mpeg1video.mpg,,,,,
,LOS_SALVAJES_-_Ahora_como_te_mantienes(144p)_mpeg1video.mpg,32MB,03:38:28 p.m.,N:\videos\LOS_SALVAJES_-_Ahora_como_te_mantienes(144p)_mpeg1video.mpg,,,,,
,shango_el_chacal(144p)_mpeg1video.mpg,32MB,03:39:58 p.m.,N:\videos\shango_el_chacal(144p)_mpeg1video.mpg,,,,,
,Myriam_Hern√°ndez_-_Huele_a_peligro(144p)_mpeg1video.mpg,32MB,03:39:13 p.m.,N:\videos\Myriam_Hern√°ndez_-_Huele_a_peligro(144p)_mpeg1video.mpg,,,,,
,Chacal_Y_Yakarta_-_El_Dueno_De_Tu_Cama_(Official_Video)(144p)_mpeg1video.mpg,32MB,03:35:56 p.m.,N:\videos\Chacal_Y_Yakarta_-_El_Dueno_De_Tu_Cama_(Official_Video)(144p)_mpeg1video.mpg,,,,,
,Camilo_-_Manos_de_Tijera__Letra_Lyrics_(144p)_mpeg1video.mpg,31MB,03:35:36 p.m.,N:\videos\Camilo_-_Manos_de_Tijera__Letra_Lyrics_(144p)_mpeg1video.mpg,,,,,
,Yomil_X_Dany_-_Rikaperry_(Official_Video)_Cecilia_Live(144p)_mpeg1video.mpg,31MB,03:40:12 p.m.,N:\videos\Yomil_X_Dany_-_Rikaperry_(Official_Video)_Cecilia_Live(144p)_mpeg1video.mpg,,,,,
,Yomil_y_el_Dany_-_Estoy_pa-_ti_(video_oficial)__Perreo_2030(144p)_mpeg1video.mpg,31MB,03:40:17 p.m.,N:\videos\Yomil_y_el_Dany_-_Estoy_pa-_ti_(video_oficial)__Perreo_2030(144p)_mpeg1video.mpg,,,,,
,Mal√∫_-_Aprendiz_(Directo_DVD)(144p)_mpeg1video.mpg,31MB,03:38:45 p.m.,N:\videos\Mal√∫_-_Aprendiz_(Directo_DVD)(144p)_mpeg1video.mpg,,,,,
,"CHACAL,_DIVAN_-_SOLO_TU_-_(OFFICIAL_VIDEO)(144p)_mpeg1video.mpg",31MB,03:35:45 p.m.,"N:\videos\CHACAL,_DIVAN_-_SOLO_TU_-_(OFFICIAL_VIDEO)(144p)_mpeg1video.mpg",,,,,
,"Los_salvajes,_pafata(video_oficial)(144p)_mpeg1video.mpg",31MB,03:38:26 p.m.,"N:\videos\Los_salvajes,_pafata(video_oficial)(144p)_mpeg1video.mpg",,,,,
,Dejala_Ir_2_Clan_537(144p)_mpeg1video.mpg,31MB,03:36:19 p.m.,N:\videos\Dejala_Ir_2_Clan_537(144p)_mpeg1video.mpg,,,,,
,INSURRECTO_‚ñ∫_Cerro_Cerrao_-_Que_Estas_Formando_Tu_(OFFICIAL_VIDEO)_‚ñ∫_CUBATON(144p)_mpeg1video.mpg,31MB,03:37:42 p.m.,N:\videos\INSURRECTO_‚ñ∫_Cerro_Cerrao_-_Que_Estas_Formando_Tu_(OFFICIAL_VIDEO)_‚ñ∫_CUBATON(144p)_mpeg1video.mpg,,,,,
,"El_Chulo_x_Chacal,_Jacob_Forever,El_Micha,El_Uniko,El_Kamel_-_Pensando_En_Ti_(Remix)_Video_Oficial(144p)_mpeg1video.mpg",31MB,03:36:49 p.m.,"N:\videos\El_Chulo_x_Chacal,_Jacob_Forever,El_Micha,El_Uniko,El_Kamel_-_Pensando_En_Ti_(Remix)_Video_Oficial(144p)_mpeg1video.mpg",,,,,
,Yomil_y_el_Dany_ft._Micha_-_PA-_TR√Å_(Official_video)(144p)_mpeg1video.mpg,30MB,03:40:26 p.m.,N:\videos\Yomil_y_el_Dany_ft._Micha_-_PA-_TR√Å_(Official_video)(144p)_mpeg1video.mpg,,,,,
,"BABY_LORES,_CHACAL,_(CLAN_537)_-_SI_LA_VIERAS(144p)_mpeg1video.mpg",30MB,03:35:26 p.m.,"N:\videos\BABY_LORES,_CHACAL,_(CLAN_537)_-_SI_LA_VIERAS(144p)_mpeg1video.mpg",,,,,
,Preciosa_-_Descemer_Bueno_y_El_Chacal_(Video_Oficial)(144p)_mpeg1video.mpg,30MB,03:39:44 p.m.,N:\videos\Preciosa_-_Descemer_Bueno_y_El_Chacal_(Video_Oficial)(144p)_mpeg1video.mpg,,,,,
,Aventura_-_Ella_y_Yo_(ft._Don_Omar)(144p)_mpeg1video.mpg,30MB,03:35:12 p.m.,N:\videos\Aventura_-_Ella_y_Yo_(ft._Don_Omar)(144p)_mpeg1video.mpg,,,,,
,Los_Salvajes__-_Me_gusta_tu_amiguita_(TheBachaton)(144p)_mpeg1video.mpg,30MB,03:38:34 p.m.,N:\videos\Los_Salvajes__-_Me_gusta_tu_amiguita_(TheBachaton)(144p)_mpeg1video.mpg,,,,,
,Los_Salvajes_-_Hechicera(144p)_mpeg1video.mpg,30MB,03:38:32 p.m.,N:\videos\Los_Salvajes_-_Hechicera(144p)_mpeg1video.mpg,,,,,
,"Srta._Dayana_Ft._El_Chacal_-_Si_Piensas,_Si_Quieres(144p)_mpeg1video.mpg",30MB,03:40:00 p.m.,"N:\videos\Srta._Dayana_Ft._El_Chacal_-_Si_Piensas,_Si_Quieres(144p)_mpeg1video.mpg",,,,,
,LOS_DESIGUALES_(EL_TAIGER_Y_DAMIAN)_-_ESO_ES_BOLA_-_(OFFICIAL_VIDEO)(144p)_mpeg1video.mpg,29MB,03:38:20 p.m.,N:\videos\LOS_DESIGUALES_(EL_TAIGER_Y_DAMIAN)_-_ESO_ES_BOLA_-_(OFFICIAL_VIDEO)(144p)_mpeg1video.mpg,,,,,
,Camilo_-_Manos_de_Tijera(144p)_mpeg1video.mpg,29MB,03:35:34 p.m.,N:\videos\Camilo_-_Manos_de_Tijera(144p)_mpeg1video.mpg,,,,,
,Marco_Antonio_Sol√≠s_-_¬øA_D√≥nde_Vamos_A_Parar(144p)_mpeg1video.mpg,29MB,03:38:53 p.m.,N:\videos\Marco_Antonio_Sol√≠s_-_¬øA_D√≥nde_Vamos_A_Parar(144p)_mpeg1video.mpg,,,,,
,LO_SIENTO_-_KAREN_M√âNDEZ_(LETRA)_-_BERET_COVER(144p)_mpeg1video.mpg,29MB,03:38:40 p.m.,N:\videos\LO_SIENTO_-_KAREN_M√âNDEZ_(LETRA)_-_BERET_COVER(144p)_mpeg1video.mpg,,,,,
,Los_Faraones-_Me_Enamore(144p)_mpeg1video.mpg,29MB,03:38:22 p.m.,N:\videos\Los_Faraones-_Me_Enamore(144p)_mpeg1video.mpg,,,,,
,Los__4_(Los_Salvajes)_-_El_Oro_es_Mio_(2010).mpg(144p)_mpeg1video.mpg,29MB,03:38:38 p.m.,N:\videos\Los__4_(Los_Salvajes)_-_El_Oro_es_Mio_(2010).mpg(144p)_mpeg1video.mpg,,,,,
,Insurrecto_ft_Yulien_Oviedo_La_Union___La_Carta_MDJ(144p)_mpeg1video.mpg,29MB,03:37:43 p.m.,N:\videos\Insurrecto_ft_Yulien_Oviedo_La_Union___La_Carta_MDJ(144p)_mpeg1video.mpg,,,,,
,Enrique_Iglesias_-_El_Perdedor_(Pop)_ft._Marco_Antonio_Sol√≠s(144p)_mpeg1video.mpg,29MB,03:37:30 p.m.,N:\videos\Enrique_Iglesias_-_El_Perdedor_(Pop)_ft._Marco_Antonio_Sol√≠s(144p)_mpeg1video.mpg,,,,,
,Los_Salvaje(eddy-k)-Escucha_lo_que_te_traje_(en_vivo)(144p)_mpeg1video.mpg,28MB,03:38:24 p.m.,N:\videos\Los_Salvaje(eddy-k)-Escucha_lo_que_te_traje_(en_vivo)(144p)_mpeg1video.mpg,,,,,
,"Willy_Chirino-_Que_Se_Vayan_Ya_(Video_Oficial)_ft._Lenier,_Micha,_Chacal,_Osmani_Garcia,_Srta_Dayana(144p)_mpeg1video.mpg",28MB,03:40:11 p.m.,"N:\videos\Willy_Chirino-_Que_Se_Vayan_Ya_(Video_Oficial)_ft._Lenier,_Micha,_Chacal,_Osmani_Garcia,_Srta_Dayana(144p)_mpeg1video.mpg",,,,,
,El_Chulo_x_Jacob_Forever_x_El_Taiger_x_Yoani_Star_-_Descaradita_(Video_Oficial)(144p)_mpeg1video.mpg,28MB,03:36:54 p.m.,N:\videos\El_Chulo_x_Jacob_Forever_x_El_Taiger_x_Yoani_Star_-_Descaradita_(Video_Oficial)(144p)_mpeg1video.mpg,,,,,
,"Quisiera_tener_(remix)_Yomil,_Aleko_&_Ignacio_y_El_Chulo_(video_oficial)(144p)_mpeg1video.mpg",28MB,03:39:46 p.m.,"N:\videos\Quisiera_tener_(remix)_Yomil,_Aleko_&_Ignacio_y_El_Chulo_(video_oficial)(144p)_mpeg1video.mpg",,,,,
,El_Farsante_-_Romeo_Santos_Ft._Ozuna_(Video_Concept)(144p)_mpeg1video.mpg,28MB,03:36:58 p.m.,N:\videos\El_Farsante_-_Romeo_Santos_Ft._Ozuna_(Video_Concept)(144p)_mpeg1video.mpg,,,,,
,Karen_M%C3%A9ndez_-_Si_Alg%C3%BAn_D%C3%ADa_Me_Toca_a_M%C3%AD__Letra_Lyrics_(144p)_mpeg1video.mpg,28MB,03:37:51 p.m.,N:\videos\Karen_M%C3%A9ndez_-_Si_Alg%C3%BAn_D%C3%ADa_Me_Toca_a_M%C3%AD__Letra_Lyrics_(144p)_mpeg1video.mpg,,,,,
,La_Chica_Modelo-Clan_537(144p)_mpeg1video.mpg,28MB,03:38:05 p.m.,N:\videos\La_Chica_Modelo-Clan_537(144p)_mpeg1video.mpg,,,,,
,Romeo_Santos_ft._Ozuna_-_El_Farsante_Utopia(144p)_mpeg1video.mpg,28MB,03:39:56 p.m.,N:\videos\Romeo_Santos_ft._Ozuna_-_El_Farsante_Utopia(144p)_mpeg1video.mpg,,,,,
,Yomil_y_el_Dany_-_Que_da√±o_fue_quererte_(Video_Oficial)(144p)_mpeg1video.mpg,28MB,03:40:21 p.m.,N:\videos\Yomil_y_el_Dany_-_Que_da√±o_fue_quererte_(Video_Oficial)(144p)_mpeg1video.mpg,,,,,
,el_micha_-un_millon_(cuba)(144p)_mpeg1video.mpg,28MB,03:37:10 p.m.,N:\videos\el_micha_-un_millon_(cuba)(144p)_mpeg1video.mpg,,,,,
,Yomil_y_el_Dany_-_Pensando_(Official_video)(144p)_mpeg1video.mpg,28MB,03:40:20 p.m.,N:\videos\Yomil_y_el_Dany_-_Pensando_(Official_video)(144p)_mpeg1video.mpg,,,,,
,LOS_SALVAJES____fresa_y_chocolate(144p)_mpeg1video.mpg,28MB,03:38:36 p.m.,N:\videos\LOS_SALVAJES____fresa_y_chocolate(144p)_mpeg1video.mpg,,,,,
,Dile_que_perdio_Los_Salvajes(Los_4)_Ft_Micha(144p)_mpeg1video.mpg,28MB,03:36:21 p.m.,N:\videos\Dile_que_perdio_Los_Salvajes(Los_4)_Ft_Micha(144p)_mpeg1video.mpg,,,,,
,Myriam_Hern√°ndez_-_Ese_Hombre(144p)_mpeg1video.mpg,28MB,03:39:10 p.m.,N:\videos\Myriam_Hern√°ndez_-_Ese_Hombre(144p)_mpeg1video.mpg,,,,,
,No_Se_Ma√±ana_(Remix)__Los_4_Ft__Arlenys(144p)_mpeg1video.mpg,28MB,03:39:29 p.m.,N:\videos\No_Se_Ma√±ana_(Remix)__Los_4_Ft__Arlenys(144p)_mpeg1video.mpg,,,,,
,Los_4_-_Me_Entere_(_Video_Official_2011)(144p)_mpeg1video.mpg,28MB,03:38:15 p.m.,N:\videos\Los_4_-_Me_Entere_(_Video_Official_2011)(144p)_mpeg1video.mpg,,,,,
,CLAN_537_el_tatuaje(144p)_mpeg1video.mpg,27MB,03:36:10 p.m.,N:\videos\CLAN_537_el_tatuaje(144p)_mpeg1video.mpg,,,,,
,"Gente_de_Zona,_Gerardo_Ortiz_-_Otra_Botella_(Official_Video)(144p)_mpeg1video.mpg",27MB,03:37:35 p.m.,"N:\videos\Gente_de_Zona,_Gerardo_Ortiz_-_Otra_Botella_(Official_Video)(144p)_mpeg1video.mpg",,,,,
,"BABY_LORES,_CHACAL,_(CLAN_537)_-_EL_TATUAJE(144p)_mpeg1video.mpg",27MB,03:35:22 p.m.,"N:\videos\BABY_LORES,_CHACAL,_(CLAN_537)_-_EL_TATUAJE(144p)_mpeg1video.mpg",,,,,
,Matame_(Cubanito_20_02)(144p)_mpeg1video.mpg,27MB,03:39:01 p.m.,N:\videos\Matame_(Cubanito_20_02)(144p)_mpeg1video.mpg,,,,,
,"Yomil_y_el_Dany_ft._Lenier,_Jencarlos_Canela_-_Amanece_Remix_(Video_oficial)(144p)_mpeg1video.mpg",27MB,03:40:25 p.m.,"N:\videos\Yomil_y_el_Dany_ft._Lenier,_Jencarlos_Canela_-_Amanece_Remix_(Video_oficial)(144p)_mpeg1video.mpg",,,,,
,El_Chulo_-_Las_Mujeres_Como_T√∫_(Video_Oficial)(144p)_mpeg1video.mpg,27MB,03:36:41 p.m.,N:\videos\El_Chulo_-_Las_Mujeres_Como_T√∫_(Video_Oficial)(144p)_mpeg1video.mpg,,,,,
,El_Chulo_&_Gente_de_Zona_-_Loco_Por_Bailar_Contigo_(Video_Oficial)(144p)_mpeg1video.mpg,27MB,03:36:37 p.m.,N:\videos\El_Chulo_&_Gente_de_Zona_-_Loco_Por_Bailar_Contigo_(Video_Oficial)(144p)_mpeg1video.mpg,,,,,
,Pimpinela__Entre_la_espada_y_la_pared_junto_a_Jose_Jose(144p)_mpeg1video.mpg,27MB,03:39:41 p.m.,N:\videos\Pimpinela__Entre_la_espada_y_la_pared_junto_a_Jose_Jose(144p)_mpeg1video.mpg,,,,,
,LOS_4_-_PERDONAME_-_(HOMENAJE_A_GILBERTO_SANTA_ROSA)_SALSA_HIT_2021(144p)_mpeg1video.mpg,27MB,03:38:16 p.m.,N:\videos\LOS_4_-_PERDONAME_-_(HOMENAJE_A_GILBERTO_SANTA_ROSA)_SALSA_HIT_2021(144p)_mpeg1video.mpg,,,,,
,El_Chulo_-_Historia_Sufrida_(Video_Oficial)(144p)_mpeg1video.mpg,27MB,03:36:39 p.m.,N:\videos\El_Chulo_-_Historia_Sufrida_(Video_Oficial)(144p)_mpeg1video.mpg,,,,,
,"Patria_y_Vida_-_Yotuel_,_@Gente_De_Zona_,_@Descemer_Bueno_,_Maykel_Osorbo_,_El_Funky(144p)_mpeg1video.mpg",27MB,03:39:34 p.m.,"N:\videos\Patria_y_Vida_-_Yotuel_,_@Gente_De_Zona_,_@Descemer_Bueno_,_Maykel_Osorbo_,_El_Funky(144p)_mpeg1video.mpg",,,,,
,Aventura_-_Lagrimas(144p)_mpeg1video.mpg,27MB,03:35:17 p.m.,N:\videos\Aventura_-_Lagrimas(144p)_mpeg1video.mpg,,,,,
,Karen_M√©ndez_-_C√≥seme_-_Letra_(Beret_Cover)(144p)_mpeg1video.mpg,27MB,03:37:56 p.m.,N:\videos\Karen_M√©ndez_-_C√≥seme_-_Letra_(Beret_Cover)(144p)_mpeg1video.mpg,,,,,
,Myriam_Hern√°ndez_-_Peligroso_Amor(144p)_mpeg1video.mpg,26MB,03:39:17 p.m.,N:\videos\Myriam_Hern√°ndez_-_Peligroso_Amor(144p)_mpeg1video.mpg,,,,,
,El_Micha_2011_-_Quiero_Que_Se_Enteren_(Official_Video)_HD(144p)_mpeg1video.mpg,26MB,03:37:13 p.m.,N:\videos\El_Micha_2011_-_Quiero_Que_Se_Enteren_(Official_Video)_HD(144p)_mpeg1video.mpg,,,,,
,Aventura_-_El_Malo_[con_letras](144p)_mpeg1video.mpg,26MB,03:35:15 p.m.,N:\videos\Aventura_-_El_Malo_[con_letras](144p)_mpeg1video.mpg,,,,,
,Bailarina_vip_clan_537_(_dayli_sancti_spiritus_)(144p)_mpeg1video.mpg,26MB,03:35:31 p.m.,N:\videos\Bailarina_vip_clan_537_(_dayli_sancti_spiritus_)(144p)_mpeg1video.mpg,,,,,
,El_Taiger_-_La_Historia__(Video_Oficial)(144p)_mpeg1video.mpg,26MB,03:37:22 p.m.,N:\videos\El_Taiger_-_La_Historia__(Video_Oficial)(144p)_mpeg1video.mpg,,,,,
,Baby_Lores_y_El_Chacal-_Tiraera_Pa_Insu(144p)_mpeg1video.mpg,26MB,03:35:29 p.m.,N:\videos\Baby_Lores_y_El_Chacal-_Tiraera_Pa_Insu(144p)_mpeg1video.mpg,,,,,
,mas_loco_que_tu_soy_yo_-_clan_537_-_video_original(144p)_mpeg1video.mpg,26MB,03:38:59 p.m.,N:\videos\mas_loco_que_tu_soy_yo_-_clan_537_-_video_original(144p)_mpeg1video.mpg,,,,,
,Carta_A_Un_Amigo(144p)_mpeg1video.mpg,26MB,03:35:43 p.m.,N:\videos\Carta_A_Un_Amigo(144p)_mpeg1video.mpg,,,,,
,PIMPINELA_-__ma√±ana_voy_a_empezar_una_nueva_vida(144p)_mpeg1video.mpg,26MB,03:39:37 p.m.,N:\videos\PIMPINELA_-__ma√±ana_voy_a_empezar_una_nueva_vida(144p)_mpeg1video.mpg,,,,,
,Maluma_-_Sobrio_(Official_Video)(144p)_mpeg1video.mpg,26MB,03:38:43 p.m.,N:\videos\Maluma_-_Sobrio_(Official_Video)(144p)_mpeg1video.mpg,,,,,
,Mi_madre_me_dice_bandolero_-_Pandilla_X(144p)_mpeg1video.mpg,26MB,03:39:06 p.m.,N:\videos\Mi_madre_me_dice_bandolero_-_Pandilla_X(144p)_mpeg1video.mpg,,,,,
,Daddy_Yankee_&_Marc_Anthony_-_De_Vuelta_Pa-_La_Vuelta_(Video_Oficial)(144p)_mpeg1video.mpg,26MB,03:36:17 p.m.,N:\videos\Daddy_Yankee_&_Marc_Anthony_-_De_Vuelta_Pa-_La_Vuelta_(Video_Oficial)(144p)_mpeg1video.mpg,,,,,
,El_Chulo_x_Yoani_Star_-_Corazon_En_Cuarentena_(Video_Oficial)(144p)_mpeg1video.mpg,26MB,03:36:56 p.m.,N:\videos\El_Chulo_x_Yoani_Star_-_Corazon_En_Cuarentena_(Video_Oficial)(144p)_mpeg1video.mpg,,,,,
,EL_KIMIKO_Y_YORDY_‚ùå_DIVAN_-_QuiÃÅtatelo_To-_(Official_Video_by_Freddy_Loons)(144p)_mpeg1video.mpg,26MB,03:37:01 p.m.,N:\videos\EL_KIMIKO_Y_YORDY_‚ùå_DIVAN_-_QuiÃÅtatelo_To-_(Official_Video_by_Freddy_Loons)(144p)_mpeg1video.mpg,,,,,
,El_Chulo_x_El_Dany_MG_-_Mi_Novia_Tiene_Novia_(Video_Oficial)(144p)_mpeg1video.mpg,26MB,03:36:52 p.m.,N:\videos\El_Chulo_x_El_Dany_MG_-_Mi_Novia_Tiene_Novia_(Video_Oficial)(144p)_mpeg1video.mpg,,,,,
,Eddy-k_-_Aqui_estan_los_4(144p)_mpeg1video.mpg,26MB,03:36:29 p.m.,N:\videos\Eddy-k_-_Aqui_estan_los_4(144p)_mpeg1video.mpg,,,,,
,ELVIS_MANUEL_‚ñ∫_LA_TUBA_(EN_VIVO)_‚ñ∫_REGGAETON(144p)_mpeg1video.mpg,26MB,03:36:34 p.m.,N:\videos\ELVIS_MANUEL_‚ñ∫_LA_TUBA_(EN_VIVO)_‚ñ∫_REGGAETON(144p)_mpeg1video.mpg,,,,,
,El_Chulo_-_No_Te_Mereces_(Video_Oficial)(144p)_mpeg1video.mpg,26MB,03:36:43 p.m.,N:\videos\El_Chulo_-_No_Te_Mereces_(Video_Oficial)(144p)_mpeg1video.mpg,,,,,
,"BABY_LORES,_CHACAL,_(CLAN_537)_-_EXPLICALE_-_(OFFICIAL_VIDEO)_CUBAN_REGGAETON_-_CUBATON(144p)_mpeg1video.mpg",25MB,03:35:24 p.m.,"N:\videos\BABY_LORES,_CHACAL,_(CLAN_537)_-_EXPLICALE_-_(OFFICIAL_VIDEO)_CUBAN_REGGAETON_-_CUBATON(144p)_mpeg1video.mpg",,,,,
,Jacob_Forever_‚ùå_El_Chulo_-_Mojaita_(Video_Oficial)(144p)_mpeg1video.mpg,25MB,03:37:49 p.m.,N:\videos\Jacob_Forever_‚ùå_El_Chulo_-_Mojaita_(Video_Oficial)(144p)_mpeg1video.mpg,,,,,
,"KAROL_G,_Anuel_AA_-_Culpables_(Official_Video)(144p)_mpeg1video.mpg",25MB,03:37:58 p.m.,"N:\videos\KAROL_G,_Anuel_AA_-_Culpables_(Official_Video)(144p)_mpeg1video.mpg",,,,,
,La_Mejor_Version_De_Mi_(Remix)_[Letra]_-_Natti_Natasha_x_Romeo_Santos_(Lyric_Video)(144p)_mpeg1video.mpg,25MB,03:38:09 p.m.,N:\videos\La_Mejor_Version_De_Mi_(Remix)_[Letra]_-_Natti_Natasha_x_Romeo_Santos_(Lyric_Video)(144p)_mpeg1video.mpg,,,,,
,"Aventura,_Bad_Bunny_-_Volv√≠_(Video_Oficial)(144p)_mpeg1video.mpg",25MB,03:35:10 p.m.,"N:\videos\Aventura,_Bad_Bunny_-_Volv√≠_(Video_Oficial)(144p)_mpeg1video.mpg",,,,,
,Explicale_Clan_537_hq(144p)_mpeg1video.mpg,25MB,03:37:32 p.m.,N:\videos\Explicale_Clan_537_hq(144p)_mpeg1video.mpg,,,,,
,Harryson_-_2k21(144p)_mpeg1video.mpg,25MB,03:37:37 p.m.,N:\videos\Harryson_-_2k21(144p)_mpeg1video.mpg,,,,,
,Ozuna_-_El_Farsante__Letra___Lyrics_(144p)_mpeg1video.mpg,25MB,03:39:32 p.m.,N:\videos\Ozuna_-_El_Farsante__Letra___Lyrics_(144p)_mpeg1video.mpg,,,,,
,Chacal_x_Tempo_-_Me_Quiero_Perder_[Official_Video](144p)_mpeg1video.mpg,25MB,03:35:54 p.m.,N:\videos\Chacal_x_Tempo_-_Me_Quiero_Perder_[Official_Video](144p)_mpeg1video.mpg,,,,,
,Los_4_-_Que_Se_Preparen_(Video_oficial)(144p)_mpeg1video.mpg,25MB,03:38:18 p.m.,N:\videos\Los_4_-_Que_Se_Preparen_(Video_oficial)(144p)_mpeg1video.mpg,,,,,
,MARCK_ANTHONY_TE_AMARE(144p)_mpeg1video.mpg,25MB,03:38:52 p.m.,N:\videos\MARCK_ANTHONY_TE_AMARE(144p)_mpeg1video.mpg,,,,,
,KAREN_M√âNDEZ_-_DIME_QUI√âN_AMA_DE_VERDAD_(LETRA)(144p)_mpeg1video.mpg,25MB,03:37:53 p.m.,N:\videos\KAREN_M√âNDEZ_-_DIME_QUI√âN_AMA_DE_VERDAD_(LETRA)(144p)_mpeg1video.mpg,,,,,
,Harryson_-_A_Mi_Que_Me_Importa(144p)_mpeg1video.mpg,25MB,03:37:38 p.m.,N:\videos\Harryson_-_A_Mi_Que_Me_Importa(144p)_mpeg1video.mpg,,,,,
,El_Chulo_Ft._El_Taiger_-_A_La_Ventaja_(Video_Oficial)(144p)_mpeg1video.mpg,25MB,03:36:44 p.m.,N:\videos\El_Chulo_Ft._El_Taiger_-_A_La_Ventaja_(Video_Oficial)(144p)_mpeg1video.mpg,,,,,
,Reik_-_A_Ciegas_(Video_Oficial)_2022_Estreno(144p)_mpeg1video.mpg,25MB,03:39:49 p.m.,N:\videos\Reik_-_A_Ciegas_(Video_Oficial)_2022_Estreno(144p)_mpeg1video.mpg,,,,,
,Como_mirarte_Juanse_&_Sebasti√°n_yatra(144p)_mpeg1video.mpg,25MB,03:36:12 p.m.,N:\videos\Como_mirarte_Juanse_&_Sebasti√°n_yatra(144p)_mpeg1video.mpg,,,,,
,Mal√∫_-_No_Voy_a_Cambiar_(Letra)(144p)_mpeg1video.mpg,25MB,03:38:48 p.m.,N:\videos\Mal√∫_-_No_Voy_a_Cambiar_(Letra)(144p)_mpeg1video.mpg,,,,,
,Myriam_Hern√°ndez_-_Te_Pareces_Tanto_a_El(144p)_mpeg1video.mpg,25MB,03:39:22 p.m.,N:\videos\Myriam_Hern√°ndez_-_Te_Pareces_Tanto_a_El(144p)_mpeg1video.mpg,,,,,
,EL_TAIGER_%E2%96%BA_AMOR_DE_CHEQUE_%E2%96%BA_Si_se_acab%C3%B3_se_acab%C3%B3___OFFICIAL_VIDEO__REGGAETON_2019___CUBATON_2019(144p)_mpeg1video.mpg,24MB,03:37:18 p.m.,N:\videos\EL_TAIGER_%E2%96%BA_AMOR_DE_CHEQUE_%E2%96%BA_Si_se_acab%C3%B3_se_acab%C3%B3___OFFICIAL_VIDEO__REGGAETON_2019___CUBATON_2019(144p)_mpeg1video.mpg,,,,,
,Gente_D-_Zona_-Tremenda_Pena_-_Dir._Joel_Guilian(144p)_mpeg1video.mpg,24MB,03:37:33 p.m.,N:\videos\Gente_D-_Zona_-Tremenda_Pena_-_Dir._Joel_Guilian(144p)_mpeg1video.mpg,,,,,
,Myriam_Hern√°ndez_-_Herida(144p)_mpeg1video.mpg,24MB,03:39:12 p.m.,N:\videos\Myriam_Hern√°ndez_-_Herida(144p)_mpeg1video.mpg,,,,,
,Clan_537_De_Fi_de_Fo(144p)_mpeg1video.mpg,24MB,03:36:09 p.m.,N:\videos\Clan_537_De_Fi_de_Fo(144p)_mpeg1video.mpg,,,,,
,CANDYMAN_‚ñ∫_Una_Loca_como_tu_(OFFICIAL_VIDEO)(144p)_mpeg1video.mpg,24MB,03:35:38 p.m.,N:\videos\CANDYMAN_‚ñ∫_Una_Loca_como_tu_(OFFICIAL_VIDEO)(144p)_mpeg1video.mpg,,,,,
,Clan_537(Baby_Lores_y_El_Insurrecto)_-_Lagrimas(144p)_mpeg1video.mpg,24MB,03:36:06 p.m.,N:\videos\Clan_537(Baby_Lores_y_El_Insurrecto)_-_Lagrimas(144p)_mpeg1video.mpg,,,,,
,El_Chulo_Ft_Yomil_y_El_Dany_-_T√∫_Est√°s_En_Mi_(Video_Oficial)(144p)_mpeg1video.mpg,24MB,03:36:47 p.m.,N:\videos\El_Chulo_Ft_Yomil_y_El_Dany_-_T√∫_Est√°s_En_Mi_(Video_Oficial)(144p)_mpeg1video.mpg,,,,,
,Chacal_-_Pensando_En_Ti_[Official_Video](144p)_mpeg1video.mpg,24MB,03:35:51 p.m.,N:\videos\Chacal_-_Pensando_En_Ti_[Official_Video](144p)_mpeg1video.mpg,,,,,
,Chacal___Kamel_-_Talla_Europa_[Video_Oficial](144p)_mpeg1video.mpg,24MB,03:36:00 p.m.,N:\videos\Chacal___Kamel_-_Talla_Europa_[Video_Oficial](144p)_mpeg1video.mpg,,,,,
,Reik_-_Yo_Quisiera_(Letra)(144p)_mpeg1video.mpg,24MB,03:39:53 p.m.,N:\videos\Reik_-_Yo_Quisiera_(Letra)(144p)_mpeg1video.mpg,,,,,
,Videoclip_Clan_537_Mirala(144p)_mpeg1video.mpg,24MB,03:40:08 p.m.,N:\videos\Videoclip_Clan_537_Mirala(144p)_mpeg1video.mpg,,,,,
,ALEX_DUVALL_‚ùå_EL_KIMIKO_Y_YORDY_-_Dame_La_Verde_Remix_(Official_Video_by_Charles_Cabrera)(144p)_mpeg1video.mpg,24MB,03:34:19 p.m.,N:\videos\ALEX_DUVALL_‚ùå_EL_KIMIKO_Y_YORDY_-_Dame_La_Verde_Remix_(Official_Video_by_Charles_Cabrera)(144p)_mpeg1video.mpg,,,,,
,Jacob_Forever_-_Dile_(Video_Oficial)(144p)_mpeg1video.mpg,24MB,03:37:45 p.m.,N:\videos\Jacob_Forever_-_Dile_(Video_Oficial)(144p)_mpeg1video.mpg,,,,,
,"Carlos_Rivera,_Maluma,_Calibre_50_-_100_A√±os_(Letra_Oficial)(144p)_mpeg1video.mpg",24MB,03:35:40 p.m.,"N:\videos\Carlos_Rivera,_Maluma,_Calibre_50_-_100_A√±os_(Letra_Oficial)(144p)_mpeg1video.mpg",,,,,
,Clan_537_-_Baby_Lores_&_Insurrecto_-_La_due√±a_del_bonche(144p)_mpeg1video.mpg,24MB,03:36:07 p.m.,N:\videos\Clan_537_-_Baby_Lores_&_Insurrecto_-_La_due√±a_del_bonche(144p)_mpeg1video.mpg,,,,,
,Myriam_Hern√°ndez_-_El_Hombre_Que_Yo_Amo_(Audio)(144p)_mpeg1video.mpg,24MB,03:39:08 p.m.,N:\videos\Myriam_Hern√°ndez_-_El_Hombre_Que_Yo_Amo_(Audio)(144p)_mpeg1video.mpg,,,,,
,Chacal_-_Mi_Coraz√≥n_Es_Tuyo_[Video_Oficial](144p)_mpeg1video.mpg,24MB,03:35:50 p.m.,N:\videos\Chacal_-_Mi_Coraz√≥n_Es_Tuyo_[Video_Oficial](144p)_mpeg1video.mpg,,,,,
,Myriam_Hern√°ndez_-_Se_Me_Fue(144p)_mpeg1video.mpg,24MB,03:39:19 p.m.,N:\videos\Myriam_Hern√°ndez_-_Se_Me_Fue(144p)_mpeg1video.mpg,,,,,
,Myriam_Hern√°ndez_-_Todo_Lo_Tuyo_(Audio)(144p)_mpeg1video.mpg,24MB,03:39:25 p.m.,N:\videos\Myriam_Hern√°ndez_-_Todo_Lo_Tuyo_(Audio)(144p)_mpeg1video.mpg,,,,,
,DIVAN_‚ùå_DIANA_FUENTES_Otra_Boca_(Prod_by_Cuban_Deejays)_Video_by_Freddy_Loons_‚ùå_Asiel_Babastro(144p)_mpeg1video.mpg,24MB,03:36:23 p.m.,N:\videos\DIVAN_‚ùå_DIANA_FUENTES_Otra_Boca_(Prod_by_Cuban_Deejays)_Video_by_Freddy_Loons_‚ùå_Asiel_Babastro(144p)_mpeg1video.mpg,,,,,
,"Dj_Unic,_Kimiko_&_Yordy_-_Te_Cambie_(Video_Oficial)(144p)_mpeg1video.mpg",24MB,03:36:26 p.m.,"N:\videos\Dj_Unic,_Kimiko_&_Yordy_-_Te_Cambie_(Video_Oficial)(144p)_mpeg1video.mpg",,,,,
,Karol_G_-_A_Ella_(Official_Video)(144p)_mpeg1video.mpg,24MB,03:38:01 p.m.,N:\videos\Karol_G_-_A_Ella_(Official_Video)(144p)_mpeg1video.mpg,,,,,
,Cubanito_20.02_-_Miente_-_2005(144p)_mpeg1video.mpg,23MB,03:36:14 p.m.,N:\videos\Cubanito_20.02_-_Miente_-_2005(144p)_mpeg1video.mpg,,,,,
,Mal√∫_-_Diles_(Videoclip)(144p)_mpeg1video.mpg,23MB,03:38:47 p.m.,N:\videos\Mal√∫_-_Diles_(Videoclip)(144p)_mpeg1video.mpg,,,,,
,Myriam_Hern√°ndez_-_Sigue_Sin_M√≠_ft._Marco_Antonio_Sol√≠s(144p)_mpeg1video.mpg,23MB,03:39:20 p.m.,N:\videos\Myriam_Hern√°ndez_-_Sigue_Sin_M√≠_ft._Marco_Antonio_Sol√≠s(144p)_mpeg1video.mpg,,,,,
,Mal√∫_-_Si_Estoy_Loca(144p)_mpeg1video.mpg,23MB,03:38:50 p.m.,N:\videos\Mal√∫_-_Si_Estoy_Loca(144p)_mpeg1video.mpg,,,,,
,Yomil_y_el_Dany_-_Cu√©ntale_(_video_oficial_)(144p)_mpeg1video.mpg,23MB,03:40:16 p.m.,N:\videos\Yomil_y_el_Dany_-_Cu√©ntale_(_video_oficial_)(144p)_mpeg1video.mpg,,,,,
,El_Taiger_ft_Gente_de_Zona_-_El_Gavilan_(Video_Oficial)(144p)_mpeg1video.mpg,23MB,03:37:23 p.m.,N:\videos\El_Taiger_ft_Gente_de_Zona_-_El_Gavilan_(Video_Oficial)(144p)_mpeg1video.mpg,,,,,
,"DJ_Gomeko,_@An√ºbix___-_El_Diccionario_feat._El_Yumita,_El_Kaiser_Attakawa_(Video_Official)(144p)_mpeg1video.mpg",23MB,03:36:24 p.m.,"N:\videos\DJ_Gomeko,_@An√ºbix___-_El_Diccionario_feat._El_Yumita,_El_Kaiser_Attakawa_(Video_Official)(144p)_mpeg1video.mpg",,,,,
,"Dj_Unic,_Yomil_y_El_Dany,_Wow_Popy_-_Dura_Magaly_(_Remix_)(144p)_mpeg1video.mpg",23MB,03:36:27 p.m.,"N:\videos\Dj_Unic,_Yomil_y_El_Dany,_Wow_Popy_-_Dura_Magaly_(_Remix_)(144p)_mpeg1video.mpg",,,,,
,Karen_M√©ndez_-_Culpables_-_Letra_(Manuel_Turizo_Cover)(144p)_mpeg1video.mpg,23MB,03:37:55 p.m.,N:\videos\Karen_M√©ndez_-_Culpables_-_Letra_(Manuel_Turizo_Cover)(144p)_mpeg1video.mpg,,,,,
,Aventura_‚Ä¢_La_Curita_[letra](144p)_mpeg1video.mpg,23MB,03:35:20 p.m.,N:\videos\Aventura_‚Ä¢_La_Curita_[letra](144p)_mpeg1video.mpg,,,,,
,Un_Titico_&_Kn1_One_-_El_Sistema_(Video_Oficial)(144p)_mpeg1video.mpg,23MB,03:40:06 p.m.,N:\videos\Un_Titico_&_Kn1_One_-_El_Sistema_(Video_Oficial)(144p)_mpeg1video.mpg,,,,,
,Elegua_-Chocolate_Mc_&_Orlenis_22k_-_Prod.by_Zapata_El_Fido(144p)_mpeg1video.mpg,23MB,03:36:31 p.m.,N:\videos\Elegua_-Chocolate_Mc_&_Orlenis_22k_-_Prod.by_Zapata_El_Fido(144p)_mpeg1video.mpg,,,,,
,ALEX_DUVALL_‚ùå_JACOB_FOREVER_-_Me_Estoy_Curando_(Official_Video_by_Felo)_Cubaton_Reggaeton_Romantico(144p)_mpeg1video.mpg,23MB,03:34:20 p.m.,N:\videos\ALEX_DUVALL_‚ùå_JACOB_FOREVER_-_Me_Estoy_Curando_(Official_Video_by_Felo)_Cubaton_Reggaeton_Romantico(144p)_mpeg1video.mpg,,,,,
,El_Taiger_-_La_Cura_(_Video_Oficial_)(144p)_mpeg1video.mpg,23MB,03:37:20 p.m.,N:\videos\El_Taiger_-_La_Cura_(_Video_Oficial_)(144p)_mpeg1video.mpg,,,,,
,Cubanito_2002_Aida.wmv(144p)_mpeg1video.mpg,23MB,03:36:16 p.m.,N:\videos\Cubanito_2002_Aida.wmv(144p)_mpeg1video.mpg,,,,,
,El_Kamel_ft_@Un_Titico_&_Kn1_One_@DJ_Unic___Conmigo_No__V√≠deo_Oficial(144p)_mpeg1video.mpg,23MB,03:36:59 p.m.,N:\videos\El_Kamel_ft_@Un_Titico_&_Kn1_One_@DJ_Unic___Conmigo_No__V√≠deo_Oficial(144p)_mpeg1video.mpg,,,,,
,As√≠_suena_-200_Copas-_de_Karol_G_sobre_el_escenario_de_Premios_Juventud(144p)_mpeg1video.mpg,23MB,03:35:08 p.m.,N:\videos\As√≠_suena_-200_Copas-_de_Karol_G_sobre_el_escenario_de_Premios_Juventud(144p)_mpeg1video.mpg,,,,,
,Lenier_-_Por_Favor_(Video_Oficial)(144p)_mpeg1video.mpg,23MB,03:38:11 p.m.,N:\videos\Lenier_-_Por_Favor_(Video_Oficial)(144p)_mpeg1video.mpg,,,,,
,Myriam_Hern√°ndez_-_Un_Hombre_Secreto(144p)_mpeg1video.mpg,23MB,03:39:28 p.m.,N:\videos\Myriam_Hern√°ndez_-_Un_Hombre_Secreto(144p)_mpeg1video.mpg,,,,,
,Reik_-_Ilusionado_((Cover_Audio)_(Video))(144p)_mpeg1video.mpg,23MB,03:39:52 p.m.,N:\videos\Reik_-_Ilusionado_((Cover_Audio)_(Video))(144p)_mpeg1video.mpg,,,,,
,KAROL_G_-_EL_BARCO(144p)_mpeg1video.mpg,22MB,03:38:03 p.m.,N:\videos\KAROL_G_-_EL_BARCO(144p)_mpeg1video.mpg,,,,,
,Myriam_Hern√°ndez_-_Tonto_(Audio)(144p)_mpeg1video.mpg,22MB,03:39:26 p.m.,N:\videos\Myriam_Hern√°ndez_-_Tonto_(Audio)(144p)_mpeg1video.mpg,,,,,
,Chacal_-_INFIELES_[Cover_Video]_ft._Laritza_Bacallao(144p)_mpeg1video.mpg,22MB,03:35:48 p.m.,N:\videos\Chacal_-_INFIELES_[Cover_Video]_ft._Laritza_Bacallao(144p)_mpeg1video.mpg,,,,,
,EL_KIMIKO_Y_YORDY_X_MICHEL_BOUTIC_-_Me_Mataste_(Official_Video)(144p)_mpeg1video.mpg,22MB,03:37:04 p.m.,N:\videos\EL_KIMIKO_Y_YORDY_X_MICHEL_BOUTIC_-_Me_Mataste_(Official_Video)(144p)_mpeg1video.mpg,,,,,
,Pesadilla___Yo_Soy_Tu_Maestro(144p)_mpeg1video.mpg,22MB,03:39:36 p.m.,N:\videos\Pesadilla___Yo_Soy_Tu_Maestro(144p)_mpeg1video.mpg,,,,,
,Respuesta_a_Haw√°i_(Maluma)_-_NINNA(144p)_mpeg1video.mpg,22MB,03:39:55 p.m.,N:\videos\Respuesta_a_Haw√°i_(Maluma)_-_NINNA(144p)_mpeg1video.mpg,,,,,
,El_Kimiko_y_Yordy__-_Si_Acaso_Tu_La_Ves_(Video_Oficial)(144p)_mpeg1video.mpg,22MB,03:37:08 p.m.,N:\videos\El_Kimiko_y_Yordy__-_Si_Acaso_Tu_La_Ves_(Video_Oficial)(144p)_mpeg1video.mpg,,,,,
,El_Taiger_x_The_Yabo_x_Dj_Conds_-_A_Que_Viniste_(Video_Official)(144p)_mpeg1video.mpg,22MB,03:37:28 p.m.,N:\videos\El_Taiger_x_The_Yabo_x_Dj_Conds_-_A_Que_Viniste_(Video_Official)(144p)_mpeg1video.mpg,,,,,
,"BABY_LORES,_INSURRECTO,_(CLAN_537)_-_DEJALA_IR_-_(OFFICIAL_VIDEO)_CUBATON_CUBAN_REGGAETON(144p)_mpeg1video.mpg",22MB,03:35:28 p.m.,"N:\videos\BABY_LORES,_INSURRECTO,_(CLAN_537)_-_DEJALA_IR_-_(OFFICIAL_VIDEO)_CUBATON_CUBAN_REGGAETON(144p)_mpeg1video.mpg",,,,,
,El_Chulo_x_Dale_Pututi_-_Que_Rico_Seria_(Video_Oficial)(144p)_mpeg1video.mpg,22MB,03:36:51 p.m.,N:\videos\El_Chulo_x_Dale_Pututi_-_Que_Rico_Seria_(Video_Oficial)(144p)_mpeg1video.mpg,,,,,
,Chacal_-_CUPIDO_[Cover_Video](144p)_mpeg1video.mpg,22MB,03:35:47 p.m.,N:\videos\Chacal_-_CUPIDO_[Cover_Video](144p)_mpeg1video.mpg,,,,,
,Myriam_Hern√°ndez_-_Toda_La_Vida_Fue_Igual_(Audio)(144p)_mpeg1video.mpg,22MB,03:39:23 p.m.,N:\videos\Myriam_Hern√°ndez_-_Toda_La_Vida_Fue_Igual_(Audio)(144p)_mpeg1video.mpg,,,,,
,Yomil_y_el_Dany_‚ùå_UnTitico_&_Kn1one_-_Prom√©teme_Remix_(video_oficial)_#loschampions(144p)_mpeg1video.mpg,22MB,03:40:23 p.m.,N:\videos\Yomil_y_el_Dany_‚ùå_UnTitico_&_Kn1one_-_Prom√©teme_Remix_(video_oficial)_#loschampions(144p)_mpeg1video.mpg,,,,,
,El_Chulo_Ft_Aleko_&_Ignacio_Ley_-_Quisiera_Tener_(Video_Oficial)(144p)_mpeg1video.mpg,22MB,03:36:46 p.m.,N:\videos\El_Chulo_Ft_Aleko_&_Ignacio_Ley_-_Quisiera_Tener_(Video_Oficial)(144p)_mpeg1video.mpg,,,,,
,PIMPINELA__AHORA_DECIDE(144p)_mpeg1video.mpg,22MB,03:39:39 p.m.,N:\videos\PIMPINELA__AHORA_DECIDE(144p)_mpeg1video.mpg,,,,,
,Harryson_-_Empezar_De_Cero_(Official_Video)(144p)_mpeg1video.mpg,22MB,03:37:40 p.m.,N:\videos\Harryson_-_Empezar_De_Cero_(Official_Video)(144p)_mpeg1video.mpg,,,,,
,"KAROL_G_-_Ay,_DiOs_M√≠o!_(Official_Video)(144p)_mpeg1video.mpg",22MB,03:38:00 p.m.,"N:\videos\KAROL_G_-_Ay,_DiOs_M√≠o!_(Official_Video)(144p)_mpeg1video.mpg",,,,,
,Yomil_y_el_Dany_-_Calentura_üî•_Perreo2030_#regueton(144p)_mpeg1video.mpg,22MB,03:40:15 p.m.,N:\videos\Yomil_y_el_Dany_-_Calentura_üî•_Perreo2030_#regueton(144p)_mpeg1video.mpg,,,,,
,"El_Taiger,_Dale_Pututi_-_AH√ç_(Video_oficial)(144p)_mpeg1video.mpg",22MB,03:37:17 p.m.,"N:\videos\El_Taiger,_Dale_Pututi_-_AH√ç_(Video_oficial)(144p)_mpeg1video.mpg",,,,,
,"Becky_G,_Maluma_-_La_Respuesta_(Official_Video)(144p)_mpeg1video.mpg",22MB,03:35:33 p.m.,"N:\videos\Becky_G,_Maluma_-_La_Respuesta_(Official_Video)(144p)_mpeg1video.mpg",,,,,
,Wampi_&_@An√ºbix_-_El_Orgullo_(Official_Video)(144p)_mpeg1video.mpg,22MB,03:40:09 p.m.,N:\videos\Wampi_&_@An√ºbix_-_El_Orgullo_(Official_Video)(144p)_mpeg1video.mpg,,,,,
,Chacal_-_TE_ODIO_MI_AMOR_[Video_Oficial]_ft._Yulien_Oviedo(144p)_mpeg1video.mpg,21MB,03:35:53 p.m.,N:\videos\Chacal_-_TE_ODIO_MI_AMOR_[Video_Oficial]_ft._Yulien_Oviedo(144p)_mpeg1video.mpg,,,,,
,Carlos_Rivera_&_Maluma_-_100_A√±os_(Video_Oficial)(144p)_mpeg1video.mpg,21MB,03:35:41 p.m.,N:\videos\Carlos_Rivera_&_Maluma_-_100_A√±os_(Video_Oficial)(144p)_mpeg1video.mpg,,,,,
,Myriam_Hern√°ndez_-_M√≠o(144p)_mpeg1video.mpg,21MB,03:39:15 p.m.,N:\videos\Myriam_Hern√°ndez_-_M√≠o(144p)_mpeg1video.mpg,,,,,
,Amor_De_Verano_-_Shinobi_J_(Official_Video_Lyric)(144p)_mpeg1video.mpg,21MB,03:34:20 p.m.,N:\videos\Amor_De_Verano_-_Shinobi_J_(Official_Video_Lyric)(144p)_mpeg1video.mpg,,,,,
,EL_KIMIKO_Y_YORDY_X_MICHEL_BOUTIC_-_Sin_Papeles_(Official_Video)(144p)_mpeg1video.mpg,21MB,03:37:07 p.m.,N:\videos\EL_KIMIKO_Y_YORDY_X_MICHEL_BOUTIC_-_Sin_Papeles_(Official_Video)(144p)_mpeg1video.mpg,,,,,
,me_tienes_que_olvidar-_aspirante(144p)_mpeg1video.mpg,20MB,03:39:03 p.m.,N:\videos\me_tienes_que_olvidar-_aspirante(144p)_mpeg1video.mpg,,,,,
,TE_PIDO_PERDON__-__EL_KIMIKO_Y_YORDY_‚ùå_ALEXI_MUSIC_(OFFICIAL_AUDIO)(144p)_mpeg1video.mpg,20MB,03:40:05 p.m.,N:\videos\TE_PIDO_PERDON__-__EL_KIMIKO_Y_YORDY_‚ùå_ALEXI_MUSIC_(OFFICIAL_AUDIO)(144p)_mpeg1video.mpg,,,,,
,"CHOCOLATE_MC,_EL_KAMEL_-_LA_WIN2_(PARTE_2)_LA_INTERESADA(144p)_mpeg1video.mpg",20MB,03:36:04 p.m.,"N:\videos\CHOCOLATE_MC,_EL_KAMEL_-_LA_WIN2_(PARTE_2)_LA_INTERESADA(144p)_mpeg1video.mpg",,,,,
,El_Negrito_-_Dalo_Por_Hecho_(La_Puta)_(Official_Music_Video)(144p)_mpeg1video.mpg,20MB,03:37:16 p.m.,N:\videos\El_Negrito_-_Dalo_Por_Hecho_(La_Puta)_(Official_Music_Video)(144p)_mpeg1video.mpg,,,,,
,Reik_-_Fui(144p)_mpeg1video.mpg,20MB,03:39:51 p.m.,N:\videos\Reik_-_Fui(144p)_mpeg1video.mpg,,,,,
,Ozuna_-_Amor_Genuino_(Audio_Oficial)(144p)_mpeg1video.mpg,20MB,03:39:31 p.m.,N:\videos\Ozuna_-_Amor_Genuino_(Audio_Oficial)(144p)_mpeg1video.mpg,,,,,
,Elvis_Manuel_-_Ese_soy_yo(144p)_mpeg1video.mpg,20MB,03:36:32 p.m.,N:\videos\Elvis_Manuel_-_Ese_soy_yo(144p)_mpeg1video.mpg,,,,,
,7._Yomil_y_El_Dany_-_Solo_(Cover_Audio)(144p)_mpeg1video.mpg,20MB,03:34:18 p.m.,N:\videos\7._Yomil_y_El_Dany_-_Solo_(Cover_Audio)(144p)_mpeg1video.mpg,,,,,
,El_Micha_-_Fiesta_(Video_Oficial)(144p)_mpeg1video.mpg,20MB,03:37:11 p.m.,N:\videos\El_Micha_-_Fiesta_(Video_Oficial)(144p)_mpeg1video.mpg,,,,,
,Jacob_Forever_‚ùå_De_La_Ghetto_-_Aprendi_(Audio_Oficial)(144p)_mpeg1video.mpg,20MB,03:37:48 p.m.,N:\videos\Jacob_Forever_‚ùå_De_La_Ghetto_-_Aprendi_(Audio_Oficial)(144p)_mpeg1video.mpg,,,,,
,Maluma_-_Haw√°i_(La_Respuesta)_Betzabeth(144p)_mpeg1video.mpg,19MB,03:38:42 p.m.,N:\videos\Maluma_-_Haw√°i_(La_Respuesta)_Betzabeth(144p)_mpeg1video.mpg,,,,,
,EL_KIMIKO_Y_YORDY_X_MICHEL_BOUTIC_-_El_Campe√≥n_(Video_Oficial)(144p)_mpeg1video.mpg,19MB,03:37:03 p.m.,N:\videos\EL_KIMIKO_Y_YORDY_X_MICHEL_BOUTIC_-_El_Campe√≥n_(Video_Oficial)(144p)_mpeg1video.mpg,,,,,
,El_Kimiko_y_Yordy_x_Michel_Boutic_-_No_Estoy_en_Gente_(Video_Oficial)(144p)_mpeg1video.mpg,18MB,03:37:06 p.m.,N:\videos\El_Kimiko_y_Yordy_x_Michel_Boutic_-_No_Estoy_en_Gente_(Video_Oficial)(144p)_mpeg1video.mpg,,,,,
,El_Taiger_x_El_Happy_-_Habla_Matador_(Video_Oficial)(144p)_mpeg1video.mpg,18MB,03:37:27 p.m.,N:\videos\El_Taiger_x_El_Happy_-_Habla_Matador_(Video_Oficial)(144p)_mpeg1video.mpg,,,,,
,Jacob_Forever_-_Rompecabezas_(Video_Oficial)(144p)_mpeg1video.mpg,17MB,03:37:47 p.m.,N:\videos\Jacob_Forever_-_Rompecabezas_(Video_Oficial)(144p)_mpeg1video.mpg,,,,,
,PIMPINELA__DIMELO_DELANTE_DE_ELLA(144p)_mpeg1video.mpg,17MB,03:39:40 p.m.,N:\videos\PIMPINELA__DIMELO_DELANTE_DE_ELLA(144p)_mpeg1video.mpg,,,,,
,KIMIKO_Y_YORDY_-_CO√ëO_CUPIDO_(VIDEO_OFFICIAL)(144p)_mpeg1video.mpg,16MB,03:38:04 p.m.,N:\videos\KIMIKO_Y_YORDY_-_CO√ëO_CUPIDO_(VIDEO_OFFICIAL)(144p)_mpeg1video.mpg,,,,,
,PIMPINELA__UNA_ESTUPIDA_M√ÅS(144p)_mpeg1video.mpg,16MB,03:39:43 p.m.,N:\videos\PIMPINELA__UNA_ESTUPIDA_M√ÅS(144p)_mpeg1video.mpg,,,,,
,El_Micha_y_Pipey_-_Esa_Chica_Es_Mia(144p)_mpeg1video.mpg,16MB,03:37:15 p.m.,N:\videos\El_Micha_y_Pipey_-_Esa_Chica_Es_Mia(144p)_mpeg1video.mpg,,,,,
,Quisiera_Tener_Remix___Aleko_x_Ignacio_Ley_x_El_Chulo_x_Yomil_y_el_Dany_(_Coming_Soon)(144p)_mpeg1video.mpg,8MB,03:39:48 p.m.,N:\videos\Quisiera_Tener_Remix___Aleko_x_Ignacio_Ley_x_El_Chulo_x_Yomil_y_el_Dany_(_Coming_Soon)(144p)_mpeg1video.mpg,,,,,
,start.js,0MB,03:07:48 p.m.,N:\start.js,,,,,
"Galaxy A6+ (Samsung Electronics Co., Ltd. SM-A605GN)",,Celular,14:54,555 MB,98 ficheros,0 ficheros,,,"""LO DE ARRIBA"""
,Nombre de Fichero,Tama√±o,Hora de copia,Ruta donde se copi√≥,,,,,
,Dejala_Ir_2_Clan_537(144p).mp4,9MB,03:00:43 p.m.,\Phone\DCIM\Gfgfgf\Dejala_Ir_2_Clan_537(144p).mp4,,,,,
,"BABY_LORES,_CHACAL,_(CLAN_537)_-_SI_LA_VIERAS(144p).mp4",8MB,03:00:43 p.m.,"\Phone\DCIM\Gfgfgf\BABY_LORES,_CHACAL,_(CLAN_537)_-_SI_LA_VIERAS(144p).mp4",,,,,
,Los_Salvajes__-_Me_gusta_tu_amiguita_(TheBachaton)(144p).mp4,8MB,03:00:41 p.m.,\Phone\DCIM\Gfgfgf\Los_Salvajes__-_Me_gusta_tu_amiguita_(TheBachaton)(144p).mp4,,,,,
,Yomil_X_Dany_-_Rikaperry_(Official_Video)_Cecilia_Live(144p).mp4,8MB,03:00:46 p.m.,\Phone\DCIM\Gfgfgf\Yomil_X_Dany_-_Rikaperry_(Official_Video)_Cecilia_Live(144p).mp4,,,,,
,Los_Salvajes_-_Hechicera(144p).mp4,8MB,03:00:41 p.m.,\Phone\DCIM\Gfgfgf\Los_Salvajes_-_Hechicera(144p).mp4,,,,,
,LOS_SALVAJES_-_Ahora_como_te_mantienes(144p).mp4,8MB,03:00:43 p.m.,\Phone\DCIM\Gfgfgf\LOS_SALVAJES_-_Ahora_como_te_mantienes(144p).mp4,,,,,
,Insurrecto_ft_Yulien_Oviedo_La_Union___La_Carta_MDJ(144p).mp4,8MB,03:00:43 p.m.,\Phone\DCIM\Gfgfgf\Insurrecto_ft_Yulien_Oviedo_La_Union___La_Carta_MDJ(144p).mp4,,,,,
,Los_Faraones-_Me_Enamore(144p).mp4,8MB,03:00:42 p.m.,\Phone\DCIM\Gfgfgf\Los_Faraones-_Me_Enamore(144p).mp4,,,,,
,Los_Salvaje(eddy-k)-Escucha_lo_que_te_traje_(en_vivo)(144p).mp4,8MB,03:00:42 p.m.,\Phone\DCIM\Gfgfgf\Los_Salvaje(eddy-k)-Escucha_lo_que_te_traje_(en_vivo)(144p).mp4,,,,,
,Yomil_y_el_Dany_ft._Micha_-_PA'_TR√Å_(Official_video)(144p).mp4,8MB,03:00:46 p.m.,\Phone\DCIM\Gfgfgf\Yomil_y_el_Dany_ft._Micha_-_PA'_TR√Å_(Official_video)(144p).mp4,,,,,
,Los_4_-_Me_Entere_(_Video_Official_2011)(144p).mp4,8MB,03:00:41 p.m.,\Phone\DCIM\Gfgfgf\Los_4_-_Me_Entere_(_Video_Official_2011)(144p).mp4,,,,,
,Chacal_Y_Yakarta_-_El_Dueno_De_Tu_Cama_(Official_Video)(144p).mp4,8MB,03:00:44 p.m.,\Phone\DCIM\Gfgfgf\Chacal_Y_Yakarta_-_El_Dueno_De_Tu_Cama_(Official_Video)(144p).mp4,,,,,
,"BABY_LORES,_CHACAL,_(CLAN_537)_-_EL_TATUAJE(144p).mp4",8MB,03:00:43 p.m.,"\Phone\DCIM\Gfgfgf\BABY_LORES,_CHACAL,_(CLAN_537)_-_EL_TATUAJE(144p).mp4",,,,,
,Matame_(Cubanito_20_02)(144p).mp4,8MB,03:00:42 p.m.,\Phone\DCIM\Gfgfgf\Matame_(Cubanito_20_02)(144p).mp4,,,,,
,INSURRECTO_‚ñ∫_Cerro_Cerrao_-_Que_Estas_Formando_Tu_(OFFICIAL_VIDEO)_‚ñ∫_CUBATON(144p).mp4,8MB,03:00:44 p.m.,\Phone\DCIM\Gfgfgf\INSURRECTO_‚ñ∫_Cerro_Cerrao_-_Que_Estas_Formando_Tu_(OFFICIAL_VIDEO)_‚ñ∫_CUBATON(144p).mp4,,,,,
,El_Chulo_x_Jacob_Forever_x_El_Taiger_x_Yoani_Star_-_Descaradita_(Video_Oficial)(144p).mp4,7MB,03:00:46 p.m.,\Phone\DCIM\Gfgfgf\El_Chulo_x_Jacob_Forever_x_El_Taiger_x_Yoani_Star_-_Descaradita_(Video_Oficial)(144p).mp4,,,,,
,El_Micha_2011_-_Quiero_Que_Se_Enteren_(Official_Video)_HD(144p).mp4,7MB,03:00:42 p.m.,\Phone\DCIM\Gfgfgf\El_Micha_2011_-_Quiero_Que_Se_Enteren_(Official_Video)_HD(144p).mp4,,,,,
,Los__4_(Los_Salvajes)_-_El_Oro_es_Mio_(2010).mpg(144p).mp4,7MB,03:00:43 p.m.,\Phone\DCIM\Gfgfgf\Los__4_(Los_Salvajes)_-_El_Oro_es_Mio_(2010).mpg(144p).mp4,,,,,
,el_micha_-un_millon_(cuba)(144p).mp4,7MB,03:00:42 p.m.,\Phone\DCIM\Gfgfgf\el_micha_-un_millon_(cuba)(144p).mp4,,,,,
,Mal√∫_-_Aprendiz_(Directo_DVD)(144p).mp4,7MB,03:00:46 p.m.,\Phone\DCIM\Gfgfgf\Mal√∫_-_Aprendiz_(Directo_DVD)(144p).mp4,,,,,
,El_Chulo_&_Gente_de_Zona_-_Loco_Por_Bailar_Contigo_(Video_Oficial)(144p).mp4,7MB,03:00:47 p.m.,\Phone\DCIM\Gfgfgf\El_Chulo_&_Gente_de_Zona_-_Loco_Por_Bailar_Contigo_(Video_Oficial)(144p).mp4,,,,,
,"BABY_LORES,_CHACAL,_(CLAN_537)_-_EXPLICALE_-_(OFFICIAL_VIDEO)_CUBAN_REGGAETON_-_CUBATON(144p).mp4",7MB,03:00:43 p.m.,"\Phone\DCIM\Gfgfgf\BABY_LORES,_CHACAL,_(CLAN_537)_-_EXPLICALE_-_(OFFICIAL_VIDEO)_CUBAN_REGGAETON_-_CUBATON(144p).mp4",,,,,
,Explicale_Clan_537_hq(144p).mp4,7MB,03:00:41 p.m.,\Phone\DCIM\Gfgfgf\Explicale_Clan_537_hq(144p).mp4,,,,,
,Eddy-k_-_Aqui_estan_los_4(144p).mp4,7MB,03:00:42 p.m.,\Phone\DCIM\Gfgfgf\Eddy-k_-_Aqui_estan_los_4(144p).mp4,,,,,
,LOS_SALVAJES____fresa_y_chocolate(144p).mp4,7MB,03:00:41 p.m.,\Phone\DCIM\Gfgfgf\LOS_SALVAJES____fresa_y_chocolate(144p).mp4,,,,,
,CLAN_537_el_tatuaje(144p).mp4,7MB,03:00:41 p.m.,\Phone\DCIM\Gfgfgf\CLAN_537_el_tatuaje(144p).mp4,,,,,
,Marco_Antonio_Sol√≠s_-_¬øA_D√≥nde_Vamos_A_Parar?(144p).mp4,7MB,03:00:45 p.m.,\Phone\DCIM\Gfgfgf\Marco_Antonio_Sol√≠s_-_¬øA_D√≥nde_Vamos_A_Parar?(144p).mp4,,,,,
,Clan_537(Baby_Lores_y_El_Insurrecto)_-_Lagrimas(144p).mp4,7MB,03:00:43 p.m.,\Phone\DCIM\Gfgfgf\Clan_537(Baby_Lores_y_El_Insurrecto)_-_Lagrimas(144p).mp4,,,,,
,Videoclip_Clan_537_Mirala(144p).mp4,7MB,03:00:41 p.m.,\Phone\DCIM\Gfgfgf\Videoclip_Clan_537_Mirala(144p).mp4,,,,,
,Mal√∫_-_No_Voy_a_Cambiar_(Letra)(144p).mp4,7MB,03:00:46 p.m.,\Phone\DCIM\Gfgfgf\Mal√∫_-_No_Voy_a_Cambiar_(Letra)(144p).mp4,,,,,
,La_Chica_Modelo-Clan_537(144p).mp4,7MB,03:00:41 p.m.,\Phone\DCIM\Gfgfgf\La_Chica_Modelo-Clan_537(144p).mp4,,,,,
,CANDYMAN_‚ñ∫_Una_Loca_como_tu_(OFFICIAL_VIDEO)(144p).mp4,7MB,03:00:42 p.m.,\Phone\DCIM\Gfgfgf\CANDYMAN_‚ñ∫_Una_Loca_como_tu_(OFFICIAL_VIDEO)(144p).mp4,,,,,
,Yomil_y_el_Dany_-_Que_da√±o_fue_quererte_(Video_Oficial)(144p).mp4,7MB,03:00:46 p.m.,\Phone\DCIM\Gfgfgf\Yomil_y_el_Dany_-_Que_da√±o_fue_quererte_(Video_Oficial)(144p).mp4,,,,,
,Chacal_x_Tempo_-_Me_Quiero_Perder_[Official_Video](144p).mp4,7MB,03:00:47 p.m.,\Phone\DCIM\Gfgfgf\Chacal_x_Tempo_-_Me_Quiero_Perder_[Official_Video](144p).mp4,,,,,
,Jacob_Forever_-_Dile_(Video_Oficial)(144p).mp4,7MB,03:00:45 p.m.,\Phone\DCIM\Gfgfgf\Jacob_Forever_-_Dile_(Video_Oficial)(144p).mp4,,,,,
,El_Chulo_x_El_Dany_MG_-_Mi_Novia_Tiene_Novia_(Video_Oficial)(144p).mp4,6MB,03:00:47 p.m.,\Phone\DCIM\Gfgfgf\El_Chulo_x_El_Dany_MG_-_Mi_Novia_Tiene_Novia_(Video_Oficial)(144p).mp4,,,,,
,"KAROL_G,_Anuel_AA_-_Culpables_(Official_Video)(144p).mp4",6MB,03:00:46 p.m.,"\Phone\DCIM\Gfgfgf\KAROL_G,_Anuel_AA_-_Culpables_(Official_Video)(144p).mp4",,,,,
,El_Chulo_Ft_Yomil_y_El_Dany_-_T√∫_Est√°s_En_Mi_(Video_Oficial)(144p).mp4,6MB,03:00:47 p.m.,\Phone\DCIM\Gfgfgf\El_Chulo_Ft_Yomil_y_El_Dany_-_T√∫_Est√°s_En_Mi_(Video_Oficial)(144p).mp4,,,,,
,Yomil_y_el_Dany_-_Cu√©ntale_(_video_oficial_)(144p).mp4,6MB,03:00:46 p.m.,\Phone\DCIM\Gfgfgf\Yomil_y_el_Dany_-_Cu√©ntale_(_video_oficial_)(144p).mp4,,,,,
,Gente_D'_Zona_-Tremenda_Pena_-_Dir._Joel_Guilian(144p).mp4,6MB,03:00:42 p.m.,\Phone\DCIM\Gfgfgf\Gente_D'_Zona_-Tremenda_Pena_-_Dir._Joel_Guilian(144p).mp4,,,,,
,Baby_Lores_y_El_Chacal-_Tiraera_Pa_Insu(144p).mp4,6MB,03:00:41 p.m.,\Phone\DCIM\Gfgfgf\Baby_Lores_y_El_Chacal-_Tiraera_Pa_Insu(144p).mp4,,,,,
,"Gente_de_Zona,_Gerardo_Ortiz_-_Otra_Botella_(Official_Video)(144p).mp4",6MB,03:00:47 p.m.,"\Phone\DCIM\Gfgfgf\Gente_de_Zona,_Gerardo_Ortiz_-_Otra_Botella_(Official_Video)(144p).mp4",,,,,
,"Dj_Unic,_Yomil_y_El_Dany,_Wow_Popy_-_Dura_Magaly_(_Remix_)(144p).mp4",6MB,03:00:47 p.m.,"\Phone\DCIM\Gfgfgf\Dj_Unic,_Yomil_y_El_Dany,_Wow_Popy_-_Dura_Magaly_(_Remix_)(144p).mp4",,,,,
,Amor_De_Verano_-_Shinobi_J_(Official_Video_Lyric)(144p).mp4,6MB,03:00:47 p.m.,\Phone\DCIM\Gfgfgf\Amor_De_Verano_-_Shinobi_J_(Official_Video_Lyric)(144p).mp4,,,,,
,Clan_537_De_Fi_de_Fo(144p).mp4,6MB,03:00:41 p.m.,\Phone\DCIM\Gfgfgf\Clan_537_De_Fi_de_Fo(144p).mp4,,,,,
,Clan_537_-_Baby_Lores_&_Insurrecto_-_La_due√±a_del_bonche(144p).mp4,6MB,03:00:43 p.m.,\Phone\DCIM\Gfgfgf\Clan_537_-_Baby_Lores_&_Insurrecto_-_La_due√±a_del_bonche(144p).mp4,,,,,
,Chacal_-_INFIELES_[Cover_Video]_ft._Laritza_Bacallao(144p).mp4,6MB,03:00:47 p.m.,\Phone\DCIM\Gfgfgf\Chacal_-_INFIELES_[Cover_Video]_ft._Laritza_Bacallao(144p).mp4,,,,,
,El_Taiger_x_The_Yabo_x_Dj_Conds_-_A_Que_Viniste?_(Video_Official)(144p).mp4,6MB,03:00:47 p.m.,\Phone\DCIM\Gfgfgf\El_Taiger_x_The_Yabo_x_Dj_Conds_-_A_Que_Viniste?_(Video_Official)(144p).mp4,,,,,
,Bailarina_vip_clan_537_(_dayli_sancti_spiritus_)(144p).mp4,6MB,03:00:41 p.m.,\Phone\DCIM\Gfgfgf\Bailarina_vip_clan_537_(_dayli_sancti_spiritus_)(144p).mp4,,,,,
,"Patria_y_Vida_-_Yotuel_,_@Gente_De_Zona_,_@Descemer_Bueno_,_Maykel_Osorbo_,_El_Funky(144p).mp4",6MB,03:00:46 p.m.,"\Phone\DCIM\Gfgfgf\Patria_y_Vida_-_Yotuel_,_@Gente_De_Zona_,_@Descemer_Bueno_,_Maykel_Osorbo_,_El_Funky(144p).mp4",,,,,
,EL_TAIGER_%E2%96%BA_AMOR_DE_CHEQUE_%E2%96%BA_Si_se_acab%C3%B3_se_acab%C3%B3___OFFICIAL_VIDEO__REGGAETON_2019___CUBATON_2019(144p).mp4,6MB,03:00:45 p.m.,\Phone\DCIM\Gfgfgf\EL_TAIGER_%E2%96%BA_AMOR_DE_CHEQUE_%E2%96%BA_Si_se_acab%C3%B3_se_acab%C3%B3___OFFICIAL_VIDEO__REGGAETON_2019___CUBATON_2019(144p).mp4,,,,,
,Chacal_-_CUPIDO_[Cover_Video](144p).mp4,6MB,03:00:47 p.m.,\Phone\DCIM\Gfgfgf\Chacal_-_CUPIDO_[Cover_Video](144p).mp4,,,,,
,El_Taiger_-_La_Historia__(Video_Oficial)(144p).mp4,6MB,03:00:47 p.m.,\Phone\DCIM\Gfgfgf\El_Taiger_-_La_Historia__(Video_Oficial)(144p).mp4,,,,,
,Jacob_Forever_‚ùå_El_Chulo_-_Mojaita_(Video_Oficial)(144p).mp4,6MB,03:00:47 p.m.,\Phone\DCIM\Gfgfgf\Jacob_Forever_‚ùå_El_Chulo_-_Mojaita_(Video_Oficial)(144p).mp4,,,,,
,Cubanito_20.02_-_Miente_-_2005(144p).mp4,6MB,03:00:42 p.m.,\Phone\DCIM\Gfgfgf\Cubanito_20.02_-_Miente_-_2005(144p).mp4,,,,,
,Yomil_y_el_Dany_-_Pensando_(Official_video)(144p).mp4,6MB,03:00:46 p.m.,\Phone\DCIM\Gfgfgf\Yomil_y_el_Dany_-_Pensando_(Official_video)(144p).mp4,,,,,
,"BABY_LORES,_INSURRECTO,_(CLAN_537)_-_DEJALA_IR_-_(OFFICIAL_VIDEO)_CUBATON_CUBAN_REGGAETON(144p).mp4",6MB,03:00:43 p.m.,"\Phone\DCIM\Gfgfgf\BABY_LORES,_INSURRECTO,_(CLAN_537)_-_DEJALA_IR_-_(OFFICIAL_VIDEO)_CUBATON_CUBAN_REGGAETON(144p).mp4",,,,,
,Un_Titico_&_Kn1_One_-_El_Sistema_(Video_Oficial)(144p).mp4,6MB,03:00:47 p.m.,\Phone\DCIM\Gfgfgf\Un_Titico_&_Kn1_One_-_El_Sistema_(Video_Oficial)(144p).mp4,,,,,
,Chacal_-_Pensando_En_Ti_[Official_Video](144p).mp4,6MB,03:00:47 p.m.,\Phone\DCIM\Gfgfgf\Chacal_-_Pensando_En_Ti_[Official_Video](144p).mp4,,,,,
,"Dj_Unic,_Kimiko_&_Yordy_-_Te_Cambie_(Video_Oficial)(144p).mp4",6MB,03:00:47 p.m.,"\Phone\DCIM\Gfgfgf\Dj_Unic,_Kimiko_&_Yordy_-_Te_Cambie_(Video_Oficial)(144p).mp4",,,,,
,DIVAN_‚ùå_DIANA_FUENTES_Otra_Boca_(Prod_by_Cuban_Deejays)_Video_by_Freddy_Loons_‚ùå_Asiel_Babastro(144p).mp4,6MB,03:00:47 p.m.,\Phone\DCIM\Gfgfgf\DIVAN_‚ùå_DIANA_FUENTES_Otra_Boca_(Prod_by_Cuban_Deejays)_Video_by_Freddy_Loons_‚ùå_Asiel_Babastro(144p).mp4,,,,,
,mas_loco_que_tu_soy_yo_-_clan_537_-_video_original(144p).mp4,6MB,03:00:42 p.m.,\Phone\DCIM\Gfgfgf\mas_loco_que_tu_soy_yo_-_clan_537_-_video_original(144p).mp4,,,,,
,El_Chulo_-_Las_Mujeres_Como_T√∫_(Video_Oficial)(144p).mp4,6MB,03:00:47 p.m.,\Phone\DCIM\Gfgfgf\El_Chulo_-_Las_Mujeres_Como_T√∫_(Video_Oficial)(144p).mp4,,,,,
,El_Chulo_Ft._El_Taiger_-_A_La_Ventaja_(Video_Oficial)(144p).mp4,6MB,03:00:47 p.m.,\Phone\DCIM\Gfgfgf\El_Chulo_Ft._El_Taiger_-_A_La_Ventaja_(Video_Oficial)(144p).mp4,,,,,
,El_Taiger_ft_Gente_de_Zona_-_El_Gavilan_(Video_Oficial)(144p).mp4,6MB,03:00:47 p.m.,\Phone\DCIM\Gfgfgf\El_Taiger_ft_Gente_de_Zona_-_El_Gavilan_(Video_Oficial)(144p).mp4,,,,,
,Karol_G_-_A_Ella_(Official_Video)(144p).mp4,6MB,03:00:46 p.m.,\Phone\DCIM\Gfgfgf\Karol_G_-_A_Ella_(Official_Video)(144p).mp4,,,,,
,El_Chulo_-_No_Te_Mereces_(Video_Oficial)(144p).mp4,6MB,03:00:47 p.m.,\Phone\DCIM\Gfgfgf\El_Chulo_-_No_Te_Mereces_(Video_Oficial)(144p).mp4,,,,,
,El_Negrito_-_Dalo_Por_Hecho_(La_Puta)_(Official_Music_Video)(144p).mp4,6MB,03:00:48 p.m.,\Phone\DCIM\Gfgfgf\El_Negrito_-_Dalo_Por_Hecho_(La_Puta)_(Official_Music_Video)(144p).mp4,,,,,
,El_Taiger_-_La_Cura_(_Video_Oficial_)(144p).mp4,6MB,03:00:46 p.m.,\Phone\DCIM\Gfgfgf\El_Taiger_-_La_Cura_(_Video_Oficial_)(144p).mp4,,,,,
,Mal√∫_-_Diles_(Videoclip)(144p).mp4,6MB,03:00:46 p.m.,\Phone\DCIM\Gfgfgf\Mal√∫_-_Diles_(Videoclip)(144p).mp4,,,,,
,"Yomil_y_el_Dany_ft._Lenier,_Jencarlos_Canela_-_Amanece_Remix_(Video_oficial)(144p).mp4",6MB,03:00:45 p.m.,"\Phone\DCIM\Gfgfgf\Yomil_y_el_Dany_ft._Lenier,_Jencarlos_Canela_-_Amanece_Remix_(Video_oficial)(144p).mp4",,,,,
,Mal√∫_-_Si_Estoy_Loca(144p).mp4,6MB,03:00:46 p.m.,\Phone\DCIM\Gfgfgf\Mal√∫_-_Si_Estoy_Loca(144p).mp4,,,,,
,"El_Taiger,_Dale_Pututi_-_AH√ç_(Video_oficial)(144p).mp4",6MB,03:00:48 p.m.,"\Phone\DCIM\Gfgfgf\El_Taiger,_Dale_Pututi_-_AH√ç_(Video_oficial)(144p).mp4",,,,,
,Chacal_-_Mi_Coraz√≥n_Es_Tuyo_[Video_Oficial](144p).mp4,6MB,03:00:47 p.m.,\Phone\DCIM\Gfgfgf\Chacal_-_Mi_Coraz√≥n_Es_Tuyo_[Video_Oficial](144p).mp4,,,,,
,Cubanito_2002_Aida.wmv(144p).mp4,5MB,03:00:42 p.m.,\Phone\DCIM\Gfgfgf\Cubanito_2002_Aida.wmv(144p).mp4,,,,,
,El_Chulo_x_Dale_Pututi_-_Que_Rico_Seria_(Video_Oficial)(144p).mp4,5MB,03:00:47 p.m.,\Phone\DCIM\Gfgfgf\El_Chulo_x_Dale_Pututi_-_Que_Rico_Seria_(Video_Oficial)(144p).mp4,,,,,
,ELVIS_MANUEL_‚ñ∫_LA_TUBA_(EN_VIVO)_‚ñ∫_REGGAETON(144p).mp4,5MB,03:00:42 p.m.,\Phone\DCIM\Gfgfgf\ELVIS_MANUEL_‚ñ∫_LA_TUBA_(EN_VIVO)_‚ñ∫_REGGAETON(144p).mp4,,,,,
,Harryson_-_Empezar_De_Cero_(Official_Video)(144p).mp4,5MB,03:00:47 p.m.,\Phone\DCIM\Gfgfgf\Harryson_-_Empezar_De_Cero_(Official_Video)(144p).mp4,,,,,
,Wampi_&_@An√ºbix_-_El_Orgullo_(Official_Video)(144p).mp4,5MB,03:00:47 p.m.,\Phone\DCIM\Gfgfgf\Wampi_&_@An√ºbix_-_El_Orgullo_(Official_Video)(144p).mp4,,,,,
,El_Micha_-_Fiesta_(Video_Oficial)(144p).mp4,5MB,03:00:46 p.m.,\Phone\DCIM\Gfgfgf\El_Micha_-_Fiesta_(Video_Oficial)(144p).mp4,,,,,
,Lenier_-_Por_Favor_(Video_Oficial)(144p).mp4,5MB,03:00:47 p.m.,\Phone\DCIM\Gfgfgf\Lenier_-_Por_Favor_(Video_Oficial)(144p).mp4,,,,,
,ALEX_DUVALL_‚ùå_JACOB_FOREVER_-_Me_Estoy_Curando_(Official_Video_by_Felo)_Cubaton_Reggaeton_Romantico(144p).mp4,5MB,03:00:48 p.m.,\Phone\DCIM\Gfgfgf\ALEX_DUVALL_‚ùå_JACOB_FOREVER_-_Me_Estoy_Curando_(Official_Video_by_Felo)_Cubaton_Reggaeton_Romantico(144p).mp4,,,,,
,Yomil_y_el_Dany_‚ùå_UnTitico_&_Kn1one_-_Prom√©teme_Remix_(video_oficial)_#loschampions(144p).mp4,5MB,03:00:47 p.m.,\Phone\DCIM\Gfgfgf\Yomil_y_el_Dany_‚ùå_UnTitico_&_Kn1one_-_Prom√©teme_Remix_(video_oficial)_#loschampions(144p).mp4,,,,,
,LO_SIENTO_-_KAREN_M√âNDEZ_(LETRA)_-_BERET_COVER(144p).mp4,5MB,03:00:46 p.m.,\Phone\DCIM\Gfgfgf\LO_SIENTO_-_KAREN_M√âNDEZ_(LETRA)_-_BERET_COVER(144p).mp4,,,,,
,me_tienes_que_olvidar-_aspirante(144p).mp4,5MB,03:00:42 p.m.,\Phone\DCIM\Gfgfgf\me_tienes_que_olvidar-_aspirante(144p).mp4,,,,,
,KAROL_G_-_EL_BARCO(144p).mp4,5MB,03:00:46 p.m.,\Phone\DCIM\Gfgfgf\KAROL_G_-_EL_BARCO(144p).mp4,,,,,
,Elvis_Manuel_-_Ese_soy_yo(144p).mp4,5MB,03:00:42 p.m.,\Phone\DCIM\Gfgfgf\Elvis_Manuel_-_Ese_soy_yo(144p).mp4,,,,,
,Dile_que_perdio_Los_Salvajes(Los_4)_Ft_Micha(144p).mp4,5MB,03:00:41 p.m.,\Phone\DCIM\Gfgfgf\Dile_que_perdio_Los_Salvajes(Los_4)_Ft_Micha(144p).mp4,,,,,
,Karen_M√©ndez_-_C√≥seme_-_Letra_(Beret_Cover)(144p).mp4,5MB,03:00:46 p.m.,\Phone\DCIM\Gfgfgf\Karen_M√©ndez_-_C√≥seme_-_Letra_(Beret_Cover)(144p).mp4,,,,,
,7._Yomil_y_El_Dany_-_Solo_(Cover_Audio)(144p).mp4,5MB,03:00:46 p.m.,\Phone\DCIM\Gfgfgf\7._Yomil_y_El_Dany_-_Solo_(Cover_Audio)(144p).mp4,,,,,
,Chacal_-_TE_ODIO_MI_AMOR_[Video_Oficial]_ft._Yulien_Oviedo(144p).mp4,5MB,03:00:47 p.m.,\Phone\DCIM\Gfgfgf\Chacal_-_TE_ODIO_MI_AMOR_[Video_Oficial]_ft._Yulien_Oviedo(144p).mp4,,,,,
,Harryson_-_2k21(144p).mp4,4MB,03:00:47 p.m.,\Phone\DCIM\Gfgfgf\Harryson_-_2k21(144p).mp4,,,,,
,Harryson_-_A_Mi_Que_Me_Importa(144p).mp4,4MB,03:00:46 p.m.,\Phone\DCIM\Gfgfgf\Harryson_-_A_Mi_Que_Me_Importa(144p).mp4,,,,,
,Mi_madre_me_dice_bandolero_-_Pandilla_X(144p).mp4,4MB,03:00:42 p.m.,\Phone\DCIM\Gfgfgf\Mi_madre_me_dice_bandolero_-_Pandilla_X(144p).mp4,,,,,
,Jacob_Forever_‚ùå_De_La_Ghetto_-_Aprendi_(Audio_Oficial)(144p).mp4,4MB,03:00:47 p.m.,\Phone\DCIM\Gfgfgf\Jacob_Forever_‚ùå_De_La_Ghetto_-_Aprendi_(Audio_Oficial)(144p).mp4,,,,,
,Jacob_Forever_-_Rompecabezas_(Video_Oficial)(144p).mp4,4MB,03:00:47 p.m.,\Phone\DCIM\Gfgfgf\Jacob_Forever_-_Rompecabezas_(Video_Oficial)(144p).mp4,,,,,
,Pesadilla___Yo_Soy_Tu_Maestro(144p).mp4,4MB,03:00:42 p.m.,\Phone\DCIM\Gfgfgf\Pesadilla___Yo_Soy_Tu_Maestro(144p).mp4,,,,,
,Phone,0MB,02:54:47 p.m.,\Phone,,,,,
VILNORYS (E:),,Memoria 16 GB,11:38,1.1 GB,1 fichero,0 ficheros,$3,,""""""
,Nombre de Fichero,Tama√±o,Hora de copia,Ruta donde se copi√≥,,,,,
,Army Of Thieves (2021) 1080p DUAL.mpg,1.1GB,11:39:04 a.m.,E:\Army Of Thieves (2021) 1080p DUAL.mpg,,,,,
Actividad Sospechosa,,,,,,,,,
,Debe analizar cada una de estas Notificaciones con sus trabajadores.,,,,,,,,
,"Dispositivo sin Pago. Galaxy A6+ (Samsung Electronics Co., Ltd. SM-A605GN). Insertado 02:54 p.m.. Comentario ""LO DE ARRIBA"". ",,,,,,,,
,"Dispositivo sin Pago. BRAYAN SANTIAGO (E:). Insertado 06:38 p.m.. Comentario ""BRAYAN"". ",,,,,,,,
